<?xml version="1.0"?>
<!--test file for demo program 'graphml_gw' -->
<graphml 
xmlns="http://graphml.graphdrawing.org/xmlns/1.0rc"
xmlns:xsi="http://www.w3.org/2001/XMLSchema-instance"
xsi:schemaLocation="http://graphml.graphdrawing.org/xmlns/1.0rc
                    graphml-structure-1.0rc.xsd

        	    http://graphml.graphdrawing.org/xmlns/1.0rc
                    graphml-attributes-1.0rc.xsd"
>
  <key id="k0" for="node" attr.name="node_label" attr.type="string">
    <desc>node label</desc>
    <default>no default specified</default>
  </key>
  <key id="k1" for="node" attr.name="coord1" attr.type="double">
    <desc>x coordinate</desc>
    <default>0</default>
  </key>
  <key id="k2" for="node" attr.name="coord2" attr.type="double">
    <desc>y coordinate</desc>
    <default>0</default>
  </key>
  <graph edgedefault="directed">
    <node id="n0">
      <data key="k0">A</data>
      <data key="k1">62.6202</data>
      <data key="k2">410.914</data>
    </node>
    <node id="n1">
      <data key="k0">B</data>
      <data key="k1">49.4147</data>
      <data key="k2">102.043</data>
    </node>
    <node id="n2">
      <data key="k0">C</data>
      <data key="k1">151.168</data>
      <data key="k2">406.037</data>
    </node>
    <node id="n3">
      <data key="k0">D</data>
      <data key="k1">144.251</data>
      <data key="k2">96.1345</data>
    </node>
    <node id="n4">
      <data key="k0">E</data>
      <data key="k1">197.557</data>
      <data key="k2">237.627</data>
    </node>
    <node id="n5">
      <data key="k0">F</data>
      <data key="k1">266.81</data>
      <data key="k2">240.365</data>
    </node>
    <node id="n6">
      <data key="k0">G</data>
      <data key="k1">338.837</data>
      <data key="k2">429.559</data>
    </node>
    <node id="n7">
      <data key="k0">I</data>
      <data key="k1">440.468</data>
      <data key="k2">430.468</data>
    </node>
    <node id="n8">
      <data key="k0">H</data>
      <data key="k1">332.489</data>
      <data key="k2">69.5434</data>
    </node>
    <node id="n9">
      <data key="k0">J</data>
      <data key="k1">434.056</data>
      <data key="k2">53.7272</data>
    </node>
    <edge source="n0" target="n1">
    </edge>
    <edge source="n0" target="n2">
    </edge>
    <edge source="n1" target="n3">
    </edge>
    <edge source="n3" target="n4">
    </edge>
    <edge source="n2" target="n4">
    </edge>
    <edge source="n4" target="n5">
    </edge>
    <edge source="n5" target="n6">
    </edge>
    <edge source="n6" target="n7">
    </edge>
    <edge source="n7" target="n9">
    </edge>
    <edge source="n9" target="n8">
    </edge>
    <edge source="n8" target="n7">
    </edge>
    <edge source="n9" target="n6">
    </edge>
    <edge source="n5" target="n8">
    </edge>
    <edge source="n0" target="n3">
    </edge>
    <edge source="n1" target="n2">
    </edge>
    <edge source="n1" target="n0">
    </edge>
    <edge source="n2" target="n0">
    </edge>
    <edge source="n3" target="n1">
    </edge>
    <edge source="n4" target="n3">
    </edge>
    <edge source="n4" target="n2">
    </edge>
    <edge source="n5" target="n4">
    </edge>
    <edge source="n6" target="n5">
    </edge>
    <edge source="n7" target="n6">
    </edge>
    <edge source="n9" target="n7">
    </edge>
    <edge source="n8" target="n9">
    </edge>
    <edge source="n7" target="n8">
    </edge>
    <edge source="n6" target="n9">
    </edge>
    <edge source="n8" target="n5">
    </edge>
    <edge source="n3" target="n0">
    </edge>
    <edge source="n2" target="n1">
    </edge>
  </graph>
</graphml>
